experiment,run,phase,elapsed_between_snapshots_s,access_rx_packets_delta,core_tx_packets_delta,access_rx_bytes_delta,core_tx_bytes_delta,estimated_access_rx_mbps_expected_window,estimated_core_tx_mbps_expected_window,estimated_access_rx_mbps_elapsed_window,estimated_core_tx_mbps_elapsed_window,pdr_to_gtpu_delta,pdr_fail_delta,gtpu_decap_delta,app_qer_pass_delta,app_qer_meter_red_delta,app_qer_fail_delta,session_qer_meter_red_delta,far_forward_delta,far_fail_delta,route_forward_delta,bad_route_delta,n3_rx_packets_delta,n6_tx_packets_delta,n3_rx_dropped_delta,n6_tx_dropped_delta,pfcp_sessions_before,pfcp_sessions_after,trex_has_error,trex_has_job_done,health_status,notes
e1_static,run_01,A,86.0,22857061.0,22857060.0,4708554446.0,3885700200.0,627.8072594666667,518.09336,438.00506474418603,361.4604837209302,22857060,0,22857060,22857060,0,0,0,22857060,0,22857060,0,22857061,22857060,0,0,5.0,5.0,False,False,OK,clean
e1_static,run_01,B,88.0,34285623.0,24799685.0,7062838338.0,4215946450.0,941.7117784,562.1261933333334,642.0762125454545,383.26785909090904,34285623,0,34285623,24799686,9485937,0,1,24799685,0,24799685,0,34285623,24799685,0,0,5.0,5.0,False,False,OK,clean
e1_static,run_01,C,89.0,39999901.0,28688154.0,8239979486.0,4876986180.0,1098.6639314666668,650.264824,740.6723133483147,438.3807802247191,39999900,0,39999900,28688156,11311744,0,2,28688154,0,28688154,0,39999901,28688154,0,0,5.0,5.0,False,False,OK,clean
e1_static,run_01,D,87.0,22857004.0,22857004.0,4708542824.0,3885690680.0,627.8057098666667,518.0920906666666,432.9694550804598,357.30489011494257,22857004,0,22857004,22857004,0,0,0,22857004,0,22857004,0,22857004,22857004,58,0,5.0,5.0,False,False,WARN,"tiny NIC drops n3_rx=58, n6_tx=0, rate=0.000001"
e1_static,run_02,A,84.0,22857063.0,22857062.0,4708554858.0,3885700540.0,627.8073144,518.0934053333333,448.433796,370.0667180952381,22857062,0,22857062,22857062,0,0,0,22857062,0,22857062,0,22857063,22857062,0,0,5.0,5.0,False,False,OK,clean
e1_static,run_02,B,84.0,34284859.0,24799529.0,7062680954.0,4215919930.0,941.6907938666667,562.1226573333333,672.6362813333334,401.5161838095238,34284859,0,34284859,24799530,9485329,0,1,24799529,0,24799529,0,34284859,24799529,762,0,5.0,5.0,False,False,WARN,"tiny NIC drops n3_rx=762, n6_tx=0, rate=0.000013"
e1_static,run_02,C,85.0,39999904.0,28685351.0,8239980104.0,4876509670.0,1098.6640138666667,650.2012893333334,775.5275392000001,458.965616,39999903,0,39999903,28685353,11314550,0,2,28685351,0,28685351,0,39999904,28685351,0,0,5.0,5.0,False,False,OK,clean
e1_static,run_02,D,85.0,22857061.0,22857061.0,4708554566.0,3885700370.0,627.8072754666667,518.0933826666667,443.1580768,365.712976,22857061,0,22857061,22857061,0,0,0,22857061,0,22857061,0,22857061,22857061,0,0,5.0,5.0,False,False,OK,clean
e1_static,run_03,A,84.0,22857062.0,22857061.0,4708554652.0,3885700370.0,627.8072869333333,518.0933826666667,448.43377638095234,370.0667019047619,22857061,0,22857061,22857061,0,0,0,22857061,0,22857061,0,22857062,22857061,0,0,5.0,5.0,False,False,OK,clean
e1_static,run_03,B,92.0,34285621.0,24800827.0,7062837926.0,4216140590.0,941.7117234666667,562.1520786666666,614.1598196521738,366.62092086956517,34285621,0,34285621,24800828,9484793,0,1,24800827,0,24800827,0,34285621,24800827,0,0,5.0,5.0,False,False,OK,clean
e1_static,run_03,C,85.0,39999904.0,28686562.0,8239980104.0,4876715540.0,1098.6640138666667,650.2287386666666,775.5275392000001,458.984992,39999903,0,39999903,28686564,11313339,0,2,28686562,0,28686562,0,39999904,28686562,0,0,5.0,5.0,False,False,OK,clean
e1_static,run_03,D,84.0,22857062.0,22857062.0,4708554772.0,3885700540.0,627.8073029333333,518.0934053333333,448.43378780952384,370.0667180952381,22857062,0,22857062,22857062,0,0,0,22857062,0,22857062,0,22857062,22857062,0,0,5.0,5.0,False,False,OK,clean
e1_static,run_04,A,84.0,22857063.0,22857062.0,4708554858.0,3885700540.0,627.8073144,518.0934053333333,448.433796,370.0667180952381,22857062,0,22857062,22857062,0,0,0,22857062,0,22857062,0,22857062,22857062,0,0,5.0,5.0,False,False,OK,clean
e1_static,run_04,B,85.0,34285622.0,24800515.0,7062838132.0,4216087550.0,941.7117509333333,562.1450066666666,664.7377065411764,396.80824,34285622,0,34285622,24800516,9485106,0,1,24800515,0,24800515,0,34285623,24800515,0,0,5.0,5.0,False,False,OK,clean
e1_static,run_04,C,85.0,39999903.0,28686614.0,8239979898.0,4876724380.0,1098.6639864,650.2299173333333,775.5275198117647,458.985824,39999902,0,39999902,28686616,11313286,0,2,28686614,0,28686614,0,39999902,28686614,0,0,5.0,5.0,False,False,OK,clean
e1_static,run_04,D,84.0,22857062.0,22857062.0,4708554772.0,3885700540.0,627.8073029333333,518.0934053333333,448.43378780952384,370.0667180952381,22857062,0,22857062,22857062,0,0,0,22857062,0,22857062,0,22857062,22857062,0,0,5.0,5.0,False,False,OK,clean
e1_static,run_05,A,84.0,22857062.0,22857062.0,4708554772.0,3885700540.0,627.8073029333333,518.0934053333333,448.43378780952384,370.0667180952381,22857062,0,22857062,22857062,0,0,0,22857062,0,22857062,0,22857062,22857062,0,0,5.0,5.0,False,False,OK,clean
e1_static,run_05,B,85.0,34285622.0,24800298.0,7062838132.0,4216050660.0,941.7117509333333,562.140088,664.7377065411764,396.804768,34285622,0,34285622,24800299,9485323,0,1,24800298,0,24800298,0,34285623,24800298,0,0,5.0,5.0,False,False,OK,clean
e1_static,run_05,C,85.0,39999431.0,28684570.0,8239882666.0,4876376900.0,1098.6510221333335,650.1835866666667,775.5183685647058,458.95312,39999430,0,39999430,28684572,11314858,0,2,28684570,0,28684570,0,39999430,28684570,472,0,5.0,5.0,False,False,WARN,"tiny NIC drops n3_rx=472, n6_tx=0, rate=0.000007"
e1_static,run_05,D,84.0,22857062.0,22857062.0,4708554772.0,3885700540.0,627.8073029333333,518.0934053333333,448.43378780952384,370.0667180952381,22857062,0,22857062,22857062,0,0,0,22857062,0,22857062,0,22857062,22857062,0,0,5.0,5.0,False,False,OK,clean
e1_static,run_06,A,84.0,22857062.0,22857062.0,4708554772.0,3885700540.0,627.8073029333333,518.0934053333333,448.43378780952384,370.0667180952381,22857062,0,22857062,22857062,0,0,0,22857062,0,22857062,0,22857062,22857062,0,0,5.0,5.0,False,False,OK,clean
e1_static,run_06,B,84.0,34285623.0,24799964.0,7062838218.0,4215993880.0,941.7117624,562.1325173333333,672.6512588571428,401.5232266666667,34285622,0,34285622,24799965,9485657,0,1,24799964,0,24799964,0,34285623,24799964,0,0,5.0,5.0,False,False,OK,clean
e1_static,run_06,C,84.0,39999551.0,28686735.0,8239907506.0,4876744950.0,1098.6543341333334,650.23266,784.7530958095239,464.4519,39999551,0,39999551,28686737,11312814,0,2,28686735,0,28686735,0,39999551,28686735,352,0,5.0,5.0,False,False,WARN,"tiny NIC drops n3_rx=352, n6_tx=0, rate=0.000005"
e1_static,run_06,D,83.0,22857064.0,22857063.0,4708555064.0,3885700710.0,627.8073418666667,518.093428,453.83663267469876,374.5253696385542,22857063,0,22857063,22857063,0,0,0,22857063,0,22857063,0,22857064,22857063,0,0,5.0,5.0,False,False,OK,clean
e1_static,run_07,A,84.0,22857063.0,22857063.0,4708554978.0,3885700710.0,627.8073304,518.093428,448.4338074285714,370.0667342857143,22857063,0,22857063,22857063,0,0,0,22857063,0,22857063,0,22857063,22857063,0,0,5.0,5.0,False,False,OK,clean
e1_static,run_07,B,84.0,34285624.0,24801063.0,7062838424.0,4216180710.0,941.7117898666667,562.157428,672.6512784761904,401.54102,34285623,0,34285623,24801064,9484559,0,1,24801063,0,24801063,0,34285624,24801063,0,0,5.0,5.0,False,False,OK,clean
e1_static,run_07,C,84.0,39999451.0,28685466.0,8239886906.0,4876529220.0,1098.6515874666668,650.203896,784.7511339047619,464.4313542857143,39999451,0,39999451,28685468,11313983,0,2,28685466,0,28685466,0,39999451,28685466,452,0,5.0,5.0,False,False,WARN,"tiny NIC drops n3_rx=452, n6_tx=0, rate=0.000007"
e1_static,run_07,D,84.0,22857064.0,22857063.0,4708555064.0,3885700710.0,627.8073418666667,518.093428,448.43381561904766,370.0667342857143,22857063,0,22857063,22857063,0,0,0,22857063,0,22857063,0,22857064,22857063,0,0,5.0,5.0,False,False,OK,clean
e1_static,run_08,A,84.0,22857063.0,22857063.0,4708554978.0,3885700710.0,627.8073304,518.093428,448.4338074285714,370.0667342857143,22857063,0,22857063,22857063,0,0,0,22857063,0,22857063,0,22857063,22857063,0,0,5.0,5.0,False,False,OK,clean
e1_static,run_08,B,84.0,34285624.0,24800611.0,7062838424.0,4216103870.0,941.7117898666667,562.1471826666666,672.6512784761904,401.5337019047619,34285623,0,34285623,24800612,9485011,0,1,24800611,0,24800611,0,34285624,24800611,0,0,5.0,5.0,False,False,OK,clean
e1_static,run_08,C,84.0,39998099.0,28685366.0,8239608394.0,4876512220.0,1098.6144525333334,650.2016293333334,784.7246089523809,464.42973523809525,39998099,0,39998099,28685368,11312731,0,2,28685366,0,28685366,0,39998099,28685366,1804,0,5.0,5.0,False,False,WARN,"tiny NIC drops n3_rx=1804, n6_tx=0, rate=0.000026"
e1_static,run_08,D,84.0,22857064.0,22857063.0,4708555064.0,3885700710.0,627.8073418666667,518.093428,448.43381561904766,370.0667342857143,22857063,0,22857063,22857063,0,0,0,22857063,0,22857063,0,22857064,22857063,0,0,5.0,5.0,False,False,OK,clean
e1_static,run_09,A,86.0,22857064.0,22857063.0,4708555064.0,3885700710.0,627.8073418666667,518.093428,438.0051222325581,361.46053116279074,22857063,0,22857063,22857063,0,0,0,22857063,0,22857063,0,22857064,22857063,0,0,5.0,5.0,False,False,OK,clean
e1_static,run_09,B,85.0,34285623.0,24799760.0,7062838338.0,4215959200.0,941.7117784,562.1278933333334,664.7377259294118,396.79616,34285623,0,34285623,24799761,9485862,0,1,24799760,0,24799760,0,34285623,24799760,0,0,5.0,5.0,False,False,OK,clean
e1_static,run_09,C,85.0,39999903.0,28684806.0,8239980018.0,4876417020.0,1098.6640024,650.188936,775.5275311058824,458.956896,39999903,0,39999903,28684808,11315095,0,2,28684806,0,28684806,0,39999904,28684806,0,0,5.0,5.0,False,False,OK,clean
e1_static,run_09,D,86.0,22857064.0,22857063.0,4708555064.0,3885700710.0,627.8073418666667,518.093428,438.0051222325581,361.46053116279074,22857063,0,22857063,22857063,0,0,0,22857063,0,22857063,0,22857063,22857063,0,0,5.0,5.0,False,False,OK,clean
e1_static,run_10,A,85.0,22857064.0,22857063.0,4708555064.0,3885700710.0,627.8073418666667,518.093428,443.1581236705883,365.713008,22857063,0,22857063,22857063,0,0,0,22857063,0,22857063,0,22857064,22857063,0,0,5.0,5.0,False,False,OK,clean
e1_static,run_10,B,84.0,34285499.0,24799787.0,7062812794.0,4215963790.0,941.7083725333333,562.1285053333334,672.6488375238096,401.52036095238094,34285499,0,34285499,24799788,9485711,0,1,24799787,0,24799787,0,34285499,24799787,124,0,5.0,5.0,False,False,WARN,"tiny NIC drops n3_rx=124, n6_tx=0, rate=0.000002"
e1_static,run_10,C,84.0,39999896.0,28685778.0,8239978456.0,4876582260.0,1098.6637941333333,650.210968,784.7598529523809,464.43640571428574,39999895,0,39999895,28685780,11314115,0,2,28685778,0,28685778,0,39999896,28685778,8,0,5.0,5.0,False,False,WARN,"tiny NIC drops n3_rx=8, n6_tx=0, rate=0.000000"
e1_static,run_10,D,84.0,22857063.0,22857063.0,4708554978.0,3885700710.0,627.8073304,518.093428,448.4338074285714,370.0667342857143,22857063,0,22857063,22857063,0,0,0,22857063,0,22857063,0,22857063,22857063,0,0,5.0,5.0,False,False,OK,clean
e2_threshold,run_01,A,84.0,22857064.0,22857063.0,4708555064.0,3885700710.0,627.8073418666667,518.093428,448.43381561904766,370.0667342857143,22857063,0,22857063,22857063,0,0,0,22857063,0,22857063,0,22857064,22857063,0,0,5.0,5.0,False,False,OK,clean
e2_threshold,run_01,B,84.0,34285623.0,22399916.0,7062838338.0,3807985720.0,941.7117784,507.7314293333333,672.6512702857143,362.6653066666667,34285623,0,34285623,24799835,9485788,0,2399919,22399916,0,22399916,0,34285623,22399916,0,0,5.0,5.0,False,False,OK,clean
e2_threshold,run_01,C,84.0,39999904.0,25348193.0,8239980104.0,4309192810.0,1098.6640138666667,574.5590413333334,784.7600099047619,410.3993152380952,39999903,0,39999903,28685279,11314624,0,3337086,25348193,0,25348193,0,39999904,25348193,0,0,5.0,5.0,False,False,OK,clean
e2_threshold,run_01,D,84.0,22857065.0,22857065.0,4708555390.0,3885701050.0,627.8073853333334,518.0934733333333,448.4338466666667,370.0667666666667,22857065,0,22857065,22857065,0,0,0,22857065,0,22857065,0,22857065,22857065,0,0,5.0,5.0,False,False,OK,clean
e2_threshold,run_02,A,84.0,22857065.0,22857065.0,4708555390.0,3885701050.0,627.8073853333334,518.0934733333333,448.4338466666667,370.0667666666667,22857065,0,22857065,22857065,0,0,0,22857065,0,22857065,0,22857065,22857065,0,0,5.0,5.0,False,False,OK,clean
e2_threshold,run_02,B,85.0,34285625.0,22400470.0,7062838630.0,3808079900.0,941.7118173333333,507.7439866666667,664.7377534117647,358.40752,34285624,0,34285624,24800890,9484734,0,2400420,22400470,0,22400470,0,34285625,22400470,0,0,5.0,5.0,False,False,OK,clean
e2_threshold,run_02,C,84.0,39999903.0,25349820.0,8239980018.0,4309469400.0,1098.6640024,574.59592,784.7600017142857,410.4256571428571,39999903,0,39999903,28686778,11313125,0,3336958,25349820,0,25349820,0,39999903,25349820,0,0,5.0,5.0,False,False,OK,clean
e2_threshold,run_02,D,84.0,22857065.0,22857065.0,4708555390.0,3885701050.0,627.8073853333334,518.0934733333333,448.4338466666667,370.0667666666667,22857065,0,22857065,22857065,0,0,0,22857065,0,22857065,0,22857066,22857065,0,0,5.0,5.0,False,False,OK,clean
e2_threshold,run_03,A,84.0,22857065.0,22857065.0,4708555390.0,3885701050.0,627.8073853333334,518.0934733333333,448.4338466666667,370.0667666666667,22857065,0,22857065,22857065,0,0,0,22857065,0,22857065,0,22857065,22857065,0,0,5.0,5.0,False,False,OK,clean
e2_threshold,run_03,B,84.0,34285625.0,22399876.0,7062838630.0,3807978920.0,941.7118173333333,507.7305226666667,672.6512980952381,362.66465904761907,34285624,0,34285624,24799740,9485884,0,2399864,22399876,0,22399876,0,34285625,22399876,0,0,5.0,5.0,False,False,OK,clean
e2_threshold,run_03,C,85.0,39999451.0,25348598.0,8239886906.0,4309261660.0,1098.6515874666668,574.5682213333333,775.5187676235295,405.577568,39999451,0,39999451,28685569,11313882,0,3336971,25348598,0,25348598,0,39999451,25348598,452,0,5.0,5.0,False,False,WARN,"tiny NIC drops n3_rx=452, n6_tx=0, rate=0.000007"
e2_threshold,run_03,D,84.0,22857066.0,22857065.0,4708555476.0,3885701050.0,627.8073968,518.0934733333333,448.4338548571429,370.0667666666667,22857065,0,22857065,22857065,0,0,0,22857065,0,22857065,0,22857066,22857065,0,0,5.0,5.0,False,False,OK,clean
e2_threshold,run_04,A,85.0,22857065.0,22857065.0,4708555390.0,3885701050.0,627.8073853333334,518.0934733333333,443.15815435294115,365.71304,22857065,0,22857065,22857065,0,0,0,22857065,0,22857065,0,22857065,22857065,0,0,5.0,5.0,False,False,OK,clean
e2_threshold,run_04,B,85.0,34284964.0,22399555.0,7062702464.0,3807924350.0,941.6936618666667,507.7232466666667,664.7249377882353,358.39288,34284963,0,34284963,24799389,9485574,0,2399834,22399555,0,22399555,0,34284964,22399555,661,0,5.0,5.0,False,False,WARN,"tiny NIC drops n3_rx=661, n6_tx=0, rate=0.000012"
e2_threshold,run_04,C,84.0,39999903.0,25350149.0,8239980018.0,4309525330.0,1098.6640024,574.6033773333334,784.7600017142857,410.4309838095238,39999903,0,39999903,28687061,11312842,0,3336912,25350149,0,25350149,0,39999903,25350149,0,0,5.0,5.0,False,False,OK,clean
e2_threshold,run_04,D,84.0,22857066.0,22857065.0,4708555476.0,3885701050.0,627.8073968,518.0934733333333,448.4338548571429,370.0667666666667,22857065,0,22857065,22857065,0,0,0,22857065,0,22857065,0,22857066,22857065,0,0,5.0,5.0,False,False,OK,clean
e2_threshold,run_05,A,84.0,22857065.0,22857065.0,4708555390.0,3885701050.0,627.8073853333334,518.0934733333333,448.4338466666667,370.0667666666667,22857065,0,22857065,22857065,0,0,0,22857065,0,22857065,0,22857065,22857065,0,0,5.0,5.0,False,False,OK,clean
e2_threshold,run_05,B,84.0,34285625.0,22399958.0,7062838630.0,3807992860.0,941.7118173333333,507.7323813333333,672.6512980952381,362.6659866666667,34285624,0,34285624,24799885,9485739,0,2399927,22399958,0,22399958,0,34285625,22399958,0,0,5.0,5.0,False,False,OK,clean
e2_threshold,run_05,C,85.0,39999903.0,25348075.0,8239980018.0,4309172750.0,1098.6640024,574.5563666666666,775.5275311058824,405.5692,39999903,0,39999903,28685170,11314733,0,3337095,25348075,0,25348075,0,39999903,25348075,0,0,5.0,5.0,False,False,OK,clean
e2_threshold,run_05,D,84.0,22857066.0,22857065.0,4708555476.0,3885701050.0,627.8073968,518.0934733333333,448.4338548571429,370.0667666666667,22857065,0,22857065,22857065,0,0,0,22857065,0,22857065,0,22857066,22857065,0,0,5.0,5.0,False,False,OK,clean
e2_threshold,run_06,A,84.0,22857066.0,22857065.0,4708555476.0,3885701050.0,627.8073968,518.0934733333333,448.4338548571429,370.0667666666667,22857065,0,22857065,22857065,0,0,0,22857065,0,22857065,0,22857066,22857065,0,0,5.0,5.0,False,False,OK,clean
e2_threshold,run_06,B,85.0,34285383.0,22399658.0,7062788898.0,3807941860.0,941.7051864,507.7255813333333,664.7330727529411,358.394528,34285383,0,34285383,24799499,9485884,0,2399841,22399658,0,22399658,0,34285383,22399658,241,0,5.0,5.0,False,False,WARN,"tiny NIC drops n3_rx=241, n6_tx=0, rate=0.000004"
e2_threshold,run_06,C,84.0,39999903.0,25348755.0,8239980018.0,4309288350.0,1098.6640024,574.57178,784.7600017142857,410.4084142857143,39999903,0,39999903,28685825,11314078,0,3337070,25348755,0,25348755,0,39999903,25348755,0,0,5.0,5.0,False,False,OK,clean
e2_threshold,run_06,D,84.0,22857066.0,22857065.0,4708555476.0,3885701050.0,627.8073968,518.0934733333333,448.4338548571429,370.0667666666667,22857065,0,22857065,22857065,0,0,0,22857065,0,22857065,0,22857066,22857065,0,0,5.0,5.0,False,False,OK,clean
e2_threshold,run_07,A,86.0,22857065.0,22857065.0,4708555390.0,3885701050.0,627.8073853333334,518.0934733333333,438.00515255813957,361.4605627906977,22857065,0,22857065,22857065,0,0,0,22857065,0,22857065,0,22857066,22857065,0,0,5.0,5.0,False,False,OK,clean
e2_threshold,run_07,B,87.0,34285625.0,22400361.0,7062838630.0,3808061370.0,941.7118173333333,507.741516,649.4564257471264,350.16656275862067,34285624,0,34285624,24800640,9484984,0,2400279,22400361,0,22400361,0,34285624,22400361,0,0,5.0,5.0,False,False,OK,clean
e2_threshold,run_07,C,85.0,39999903.0,25350157.0,8239980018.0,4309526690.0,1098.6640024,574.6035586666666,775.5275311058824,405.602512,39999903,0,39999903,28687172,11312731,0,3337015,25350157,0,25350157,0,39999903,25350157,0,0,5.0,5.0,False,False,OK,clean
e2_threshold,run_07,D,86.0,22857066.0,22857065.0,4708555476.0,3885701050.0,627.8073968,518.0934733333333,438.00516055813955,361.4605627906977,22857065,0,22857065,22857065,0,0,0,22857065,0,22857065,0,22857066,22857065,0,0,5.0,5.0,False,False,OK,clean
e2_threshold,run_08,A,86.0,22857066.0,22857065.0,4708555476.0,3885701050.0,627.8073968,518.0934733333333,438.00516055813955,361.4605627906977,22857065,0,22857065,22857065,0,0,0,22857065,0,22857065,0,22857066,22857065,0,0,5.0,5.0,False,False,OK,clean
e2_threshold,run_08,B,84.0,34285624.0,22400342.0,7062838544.0,3808058140.0,941.7118058666666,507.74108533333333,672.6512899047619,362.6722038095238,34285624,0,34285624,24800294,9485330,0,2399952,22400342,0,22400342,0,34285624,22400342,0,0,5.0,5.0,False,False,OK,clean
e2_threshold,run_08,C,84.0,39999523.0,25351367.0,8239901618.0,4309732390.0,1098.6535490666665,574.6309853333333,784.7525350476191,410.4507038095238,39999522,0,39999522,28688340,11311182,0,3336973,25351367,0,25351367,0,39999523,25351367,381,0,5.0,5.0,False,False,WARN,"tiny NIC drops n3_rx=381, n6_tx=0, rate=0.000006"
e2_threshold,run_08,D,85.0,22857065.0,22857065.0,4708555390.0,3885701050.0,627.8073853333334,518.0934733333333,443.15815435294115,365.71304,22857065,0,22857065,22857065,0,0,0,22857065,0,22857065,0,22857065,22857065,0,0,5.0,5.0,False,False,OK,clean
e2_threshold,run_09,A,84.0,22857066.0,22857065.0,4708555476.0,3885701050.0,627.8073968,518.0934733333333,448.4338548571429,370.0667666666667,22857065,0,22857065,22857065,0,0,0,22857065,0,22857065,0,22857066,22857065,0,0,5.0,5.0,False,False,OK,clean
e2_threshold,run_09,B,85.0,34285378.0,22399797.0,7062787868.0,3807965490.0,941.7050490666667,507.728732,664.7329758117647,358.396752,34285378,0,34285378,24799698,9485680,0,2399901,22399797,0,22399797,0,34285378,22399797,246,0,5.0,5.0,False,False,WARN,"tiny NIC drops n3_rx=246, n6_tx=0, rate=0.000004"
e2_threshold,run_09,C,84.0,39999904.0,25347712.0,8239980104.0,4309111040.0,1098.6640138666667,574.5481386666667,784.7600099047619,410.3915276190476,39999903,0,39999903,28684804,11315099,0,3337092,25347712,0,25347712,0,39999904,25347712,0,0,5.0,5.0,False,False,OK,clean
e2_threshold,run_09,D,84.0,22857065.0,22857065.0,4708555390.0,3885701050.0,627.8073853333334,518.0934733333333,448.4338466666667,370.0667666666667,22857065,0,22857065,22857065,0,0,0,22857065,0,22857065,0,22857065,22857065,0,0,5.0,5.0,False,False,OK,clean
e2_threshold,run_10,A,84.0,22857066.0,22857065.0,4708555476.0,3885701050.0,627.8073968,518.0934733333333,448.4338548571429,370.0667666666667,22857065,0,22857065,22857065,0,0,0,22857065,0,22857065,0,22857066,22857065,0,0,5.0,5.0,False,False,OK,clean
e2_threshold,run_10,B,84.0,34285189.0,22399801.0,7062748934.0,3807966170.0,941.6998578666667,507.7288226666667,672.6427556190476,362.66344476190477,34285189,0,34285189,24799836,9485353,0,2400035,22399801,0,22399801,0,34285189,22399801,435,0,5.0,5.0,False,False,WARN,"tiny NIC drops n3_rx=435, n6_tx=0, rate=0.000008"
e2_threshold,run_10,C,85.0,39999904.0,25350062.0,8239980104.0,4309510540.0,1098.6640138666667,574.6014053333333,775.5275392000001,405.600992,39999903,0,39999903,28687011,11312892,0,3336949,25350062,0,25350062,0,39999904,25350062,0,0,5.0,5.0,False,False,OK,clean
e2_threshold,run_10,D,84.0,22857065.0,22857065.0,4708555390.0,3885701050.0,627.8073853333334,518.0934733333333,448.4338466666667,370.0667666666667,22857065,0,22857065,22857065,0,0,0,22857065,0,22857065,0,22857065,22857065,0,0,5.0,5.0,False,False,OK,clean
e3_greedy,run_01,A,84.0,22857065.0,22857065.0,4708555390.0,3885701050.0,627.8073853333334,518.0934733333333,448.4338466666667,370.0667666666667,22857065,0,22857065,22857065,0,0,0,22857065,0,22857065,0,22857065,22857065,0,0,5.0,5.0,False,False,OK,clean
e3_greedy,run_01,B,84.0,34285625.0,24800289.0,7062838630.0,4216049130.0,941.7118173333333,562.139884,672.6512980952381,401.5284885714286,34285624,0,34285624,24800289,9485335,0,0,24800289,0,24800289,0,34285625,24800289,0,0,5.0,5.0,False,False,OK,clean
e3_greedy,run_01,C,85.0,39999374.0,28685594.0,8239871044.0,4876550980.0,1098.6494725333332,650.2067973333334,775.5172747294117,458.969504,39999374,0,39999374,28685594,11313780,0,0,28685594,0,28685594,0,39999374,28685594,529,0,5.0,5.0,False,False,WARN,"tiny NIC drops n3_rx=529, n6_tx=0, rate=0.000008"
e3_greedy,run_01,D,84.0,22857066.0,22857065.0,4708555476.0,3885701050.0,627.8073968,518.0934733333333,448.4338548571429,370.0667666666667,22857065,0,22857065,22857065,0,0,0,22857065,0,22857065,0,22857066,22857065,0,0,5.0,5.0,False,False,OK,clean
e3_greedy,run_02,A,84.0,22857065.0,22857065.0,4708555390.0,3885701050.0,627.8073853333334,518.0934733333333,448.4338466666667,370.0667666666667,22857065,0,22857065,22857065,0,0,0,22857065,0,22857065,0,22857065,22857065,0,0,5.0,5.0,False,False,OK,clean
e3_greedy,run_02,B,84.0,34285625.0,24800656.0,7062838630.0,4216111520.0,941.7118173333333,562.1482026666666,672.6512980952381,401.53443047619044,34285624,0,34285624,24800656,9484968,0,0,24800656,0,24800656,0,34285625,24800656,0,0,5.0,5.0,False,False,OK,clean
e3_greedy,run_02,C,86.0,39999789.0,28685001.0,8239956534.0,4876450170.0,1098.6608712,650.193356,766.5075845581396,453.623271627907,39999789,0,39999789,28685001,11314788,0,0,28685001,0,28685001,0,39999789,28685001,114,0,5.0,5.0,False,False,WARN,"tiny NIC drops n3_rx=114, n6_tx=0, rate=0.000002"
e3_greedy,run_02,D,86.0,22857062.0,22857061.0,4708554652.0,3885700370.0,627.8072869333333,518.0933826666667,438.0050839069768,361.46049953488375,22857061,0,22857061,22857061,0,0,0,22857061,0,22857061,0,22857062,22857061,0,0,5.0,5.0,False,False,OK,clean
e3_greedy,run_03,A,84.0,22857062.0,22857061.0,4708554652.0,3885700370.0,627.8072869333333,518.0933826666667,448.43377638095234,370.0667019047619,22857061,0,22857061,22857061,0,0,0,22857061,0,22857061,0,22857062,22857061,0,0,5.0,5.0,False,False,OK,clean
e3_greedy,run_03,B,84.0,34285620.0,24799874.0,7062837720.0,4215978580.0,941.711696,562.1304773333334,672.6512114285715,401.52176952380955,34285620,0,34285620,24799874,9485746,0,0,24799874,0,24799874,0,34285620,24799874,0,0,5.0,5.0,False,False,OK,clean
e3_greedy,run_03,C,84.0,39999903.0,28686152.0,8239980018.0,4876645840.0,1098.6640024,650.2194453333334,784.7600017142857,464.44246095238094,39999903,0,39999903,28686152,11313751,0,0,28686152,0,28686152,0,39999904,28686152,0,0,5.0,5.0,False,False,OK,clean
e3_greedy,run_03,D,85.0,22857062.0,22857061.0,4708554652.0,3885700370.0,627.8072869333333,518.0933826666667,443.1580848941177,365.712976,22857061,0,22857061,22857061,0,0,0,22857061,0,22857061,0,22857061,22857061,0,0,5.0,5.0,False,False,OK,clean
e3_greedy,run_04,A,85.0,22857062.0,22857061.0,4708554652.0,3885700370.0,627.8072869333333,518.0933826666667,443.1580848941177,365.712976,22857061,0,22857061,22857061,0,0,0,22857061,0,22857061,0,22857062,22857061,0,0,5.0,5.0,False,False,OK,clean
e3_greedy,run_04,B,86.0,34285620.0,24800228.0,7062837720.0,4216038760.0,941.711696,562.1385013333334,657.00816,392.18965209302326,34285620,0,34285620,24800228,9485392,0,0,24800228,0,24800228,0,34285620,24800228,0,0,5.0,5.0,False,False,OK,clean
e3_greedy,run_04,C,87.0,39999904.0,28686461.0,8239980104.0,4876698370.0,1098.6640138666667,650.2264493333333,757.699319908046,448.4320340229885,39999903,0,39999903,28686461,11313442,0,0,28686461,0,28686461,0,39999904,28686461,0,0,5.0,5.0,False,False,OK,clean
e3_greedy,run_04,D,85.0,22857061.0,22857061.0,4708554566.0,3885700370.0,627.8072754666667,518.0933826666667,443.1580768,365.712976,22857061,0,22857061,22857061,0,0,0,22857061,0,22857061,0,22857061,22857061,0,0,5.0,5.0,False,False,OK,clean
e3_greedy,run_05,A,84.0,22857062.0,22857061.0,4708554652.0,3885700370.0,627.8072869333333,518.0933826666667,448.43377638095234,370.0667019047619,22857061,0,22857061,22857061,0,0,0,22857061,0,22857061,0,22857061,22857061,0,0,5.0,5.0,False,False,OK,clean
e3_greedy,run_05,B,84.0,34285620.0,24800382.0,7062837720.0,4216064940.0,941.711696,562.141992,672.6512114285715,401.5299942857143,34285620,0,34285620,24800382,9485238,0,0,24800382,0,24800382,0,34285620,24800382,0,0,5.0,5.0,False,False,OK,clean
e3_greedy,run_05,C,84.0,39999904.0,28685205.0,8239980104.0,4876484850.0,1098.6640138666667,650.19798,784.7600099047619,464.4271285714286,39999903,0,39999903,28685205,11314698,0,0,28685205,0,28685205,0,39999904,28685205,0,0,5.0,5.0,False,False,OK,clean
e3_greedy,run_05,D,85.0,22857061.0,22857061.0,4708554566.0,3885700370.0,627.8072754666667,518.0933826666667,443.1580768,365.712976,22857061,0,22857061,22857061,0,0,0,22857061,0,22857061,0,22857061,22857061,0,0,5.0,5.0,False,False,OK,clean
e3_greedy,run_06,A,87.0,22857062.0,22857061.0,4708554652.0,3885700370.0,627.8072869333333,518.0933826666667,432.9705427126437,357.3057811494253,22857061,0,22857061,22857061,0,0,0,22857061,0,22857061,0,22857061,22857061,0,0,5.0,5.0,False,False,OK,clean
e3_greedy,run_06,B,85.0,34285492.0,24800768.0,7062811352.0,4216130560.0,941.7081802666667,562.1507413333334,664.7351860705883,396.812288,34285492,0,34285492,24800768,9484724,0,0,24800768,0,24800768,0,34285493,24800768,128,0,5.0,5.0,False,False,WARN,"tiny NIC drops n3_rx=128, n6_tx=0, rate=0.000002"
e3_greedy,run_06,C,84.0,39999904.0,28688124.0,8239980104.0,4876981080.0,1098.6640138666667,650.264144,784.7600099047619,464.4743885714286,39999903,0,39999903,28688124,11311779,0,0,28688124,0,28688124,0,39999903,28688124,0,0,5.0,5.0,False,False,OK,clean
e3_greedy,run_06,D,84.0,22857061.0,22857061.0,4708554566.0,3885700370.0,627.8072754666667,518.0933826666667,448.4337681904762,370.0667019047619,22857061,0,22857061,22857061,0,0,0,22857061,0,22857061,0,22857061,22857061,0,0,5.0,5.0,False,False,OK,clean
e3_greedy,run_07,A,85.0,22857061.0,22857061.0,4708554566.0,3885700370.0,627.8072754666667,518.0933826666667,443.1580768,365.712976,22857061,0,22857061,22857061,0,0,0,22857061,0,22857061,0,22857061,22857061,0,0,5.0,5.0,False,False,OK,clean
e3_greedy,run_07,B,86.0,34285012.0,24799813.0,7062712472.0,4215968210.0,941.6949962666666,562.1290946666667,656.9965090232558,392.1830893023256,34285012,0,34285012,24799813,9485199,0,0,24799813,0,24799813,0,34285012,24799813,608,0,5.0,5.0,False,False,WARN,"tiny NIC drops n3_rx=608, n6_tx=0, rate=0.000010"
e3_greedy,run_07,C,86.0,39999904.0,28686613.0,8239980104.0,4876724210.0,1098.6640138666667,650.2298946666666,766.5097771162791,453.6487637209302,39999903,0,39999903,28686613,11313290,0,0,28686613,0,28686613,0,39999904,28686613,0,0,5.0,5.0,False,False,OK,clean
e3_greedy,run_07,D,84.0,22857061.0,22857061.0,4708554566.0,3885700370.0,627.8072754666667,518.0933826666667,448.4337681904762,370.0667019047619,22857061,0,22857061,22857061,0,0,0,22857061,0,22857061,0,22857061,22857061,0,0,5.0,5.0,False,False,OK,clean
e3_greedy,run_08,A,86.0,22857061.0,22857061.0,4708554566.0,3885700370.0,627.8072754666667,518.0933826666667,438.00507590697674,361.46049953488375,22857061,0,22857061,22857061,0,0,0,22857061,0,22857061,0,22857061,22857061,0,0,5.0,5.0,False,False,OK,clean
e3_greedy,run_08,B,84.0,34285620.0,24800733.0,7062837720.0,4216124610.0,941.711696,562.149948,672.6512114285715,401.53567714285714,34285620,0,34285620,24800733,9484887,0,0,24800733,0,24800733,0,34285620,24800733,0,0,5.0,5.0,False,False,OK,clean
e3_greedy,run_08,C,84.0,39999904.0,28687015.0,8239980104.0,4876792550.0,1098.6640138666667,650.2390066666667,784.7600099047619,464.45643333333334,39999903,0,39999903,28687015,11312888,0,0,28687015,0,28687015,0,39999904,28687015,0,0,5.0,5.0,False,False,OK,clean
e3_greedy,run_08,D,85.0,22857061.0,22857061.0,4708554566.0,3885700370.0,627.8072754666667,518.0933826666667,443.1580768,365.712976,22857061,0,22857061,22857061,0,0,0,22857061,0,22857061,0,22857061,22857061,0,0,5.0,5.0,False,False,OK,clean
e3_greedy,run_09,A,84.0,22857061.0,22857061.0,4708554566.0,3885700370.0,627.8072754666667,518.0933826666667,448.4337681904762,370.0667019047619,22857061,0,22857061,22857061,0,0,0,22857061,0,22857061,0,22857061,22857061,0,0,5.0,5.0,False,False,OK,clean
e3_greedy,run_09,B,84.0,34285620.0,24800449.0,7062837720.0,4216076330.0,941.711696,562.1435106666667,672.6512114285715,401.531079047619,34285620,0,34285620,24800449,9485171,0,0,24800449,0,24800449,0,34285621,24800449,0,0,5.0,5.0,False,False,OK,clean
e3_greedy,run_09,C,84.0,39999155.0,28684948.0,8239825810.0,4876441160.0,1098.6434413333332,650.1921546666666,784.7453152380953,464.42296761904765,39999154,0,39999154,28684948,11314206,0,0,28684948,0,28684948,0,39999154,28684948,749,0,5.0,5.0,False,False,WARN,"tiny NIC drops n3_rx=749, n6_tx=0, rate=0.000011"
e3_greedy,run_09,D,85.0,22857061.0,22857061.0,4708554566.0,3885700370.0,627.8072754666667,518.0933826666667,443.1580768,365.712976,22857061,0,22857061,22857061,0,0,0,22857061,0,22857061,0,22857061,22857061,0,0,5.0,5.0,False,False,OK,clean
e3_greedy,run_10,A,84.0,22857061.0,22857061.0,4708554566.0,3885700370.0,627.8072754666667,518.0933826666667,448.4337681904762,370.0667019047619,22857061,0,22857061,22857061,0,0,0,22857061,0,22857061,0,22857061,22857061,0,0,5.0,5.0,False,False,OK,clean
e3_greedy,run_10,B,84.0,34285621.0,24800217.0,7062837806.0,4216036890.0,941.7117074666667,562.138252,672.6512196190477,401.52732285714285,34285620,0,34285620,24800217,9485403,0,0,24800217,0,24800217,0,34285621,24800217,0,0,5.0,5.0,False,False,OK,clean
e3_greedy,run_10,C,84.0,39998935.0,28684644.0,8239780610.0,4876389480.0,1098.6374146666667,650.185264,784.7410104761905,464.4180457142857,39998935,0,39998935,28684644,11314291,0,0,28684644,0,28684644,0,39998935,28684644,968,0,5.0,5.0,False,False,WARN,"tiny NIC drops n3_rx=968, n6_tx=0, rate=0.000014"
e3_greedy,run_10,D,84.0,22857062.0,22857061.0,4708554652.0,3885700370.0,627.8072869333333,518.0933826666667,448.43377638095234,370.0667019047619,22857061,0,22857061,22857061,0,0,0,22857061,0,22857061,0,22857062,22857061,0,0,5.0,5.0,False,False,OK,clean
