experiment,controller_group,model,gpu,prefix_cache,run,phase,health_status,duration_s,windows,offered_mbps,delivered_mbps,access_rx_packets,core_tx_packets,app_qer_red_packets,policing_ratio,pdr_fail,far_fail,bad_route,n3_rx_drops,n6_tx_drops,action_count,fallback_count,tool_failure_count,oscillation_count,mean_llm_latency_ms,mean_total_tokens,notes,source_campaign
e1_static,baseline,,,,run_01,A,OK,86.0,,627.8072594666667,518.09336,22857061.0,22857060.0,0,0.0,0,0,0,0,0,,,,,,,clean,/home/ubuntu/agentic_qos_results/campaigns/campaign_20260509_baselines_5slices
e1_static,baseline,,,,run_01,B,OK,88.0,,941.7117784,562.1261933333334,34285623.0,24799685.0,9485937,0.2766738991442565,0,0,0,0,0,,,,,,,clean,/home/ubuntu/agentic_qos_results/campaigns/campaign_20260509_baselines_5slices
e1_static,baseline,,,,run_01,C,OK,89.0,,1098.6639314666668,650.264824,39999901.0,28688154.0,11311744,0.28279430698576746,0,0,0,0,0,,,,,,,clean,/home/ubuntu/agentic_qos_results/campaigns/campaign_20260509_baselines_5slices
e1_static,baseline,,,,run_01,D,WARN,87.0,,627.8057098666667,518.0920906666666,22857004.0,22857004.0,0,0.0,0,0,0,58,0,,,,,,,"tiny NIC drops n3_rx=58, n6_tx=0, rate=0.000001",/home/ubuntu/agentic_qos_results/campaigns/campaign_20260509_baselines_5slices
e1_static,baseline,,,,run_02,A,OK,84.0,,627.8073144,518.0934053333333,22857063.0,22857062.0,0,0.0,0,0,0,0,0,,,,,,,clean,/home/ubuntu/agentic_qos_results/campaigns/campaign_20260509_baselines_5slices
e1_static,baseline,,,,run_02,B,WARN,84.0,,941.6907938666667,562.1226573333333,34284859.0,24799529.0,9485329,0.2766623307390589,0,0,0,762,0,,,,,,,"tiny NIC drops n3_rx=762, n6_tx=0, rate=0.000013",/home/ubuntu/agentic_qos_results/campaigns/campaign_20260509_baselines_5slices
e1_static,baseline,,,,run_02,C,OK,85.0,,1098.6640138666667,650.2012893333334,39999904.0,28685351.0,11314550,0.28286443594625715,0,0,0,0,0,,,,,,,clean,/home/ubuntu/agentic_qos_results/campaigns/campaign_20260509_baselines_5slices
e1_static,baseline,,,,run_02,D,OK,85.0,,627.8072754666667,518.0933826666667,22857061.0,22857061.0,0,0.0,0,0,0,0,0,,,,,,,clean,/home/ubuntu/agentic_qos_results/campaigns/campaign_20260509_baselines_5slices
e1_static,baseline,,,,run_03,A,OK,84.0,,627.8072869333333,518.0933826666667,22857062.0,22857061.0,0,0.0,0,0,0,0,0,,,,,,,clean,/home/ubuntu/agentic_qos_results/campaigns/campaign_20260509_baselines_5slices
e1_static,baseline,,,,run_03,B,OK,92.0,,941.7117234666667,562.1520786666666,34285621.0,24800827.0,9484793,0.2766405485261591,0,0,0,0,0,,,,,,,clean,/home/ubuntu/agentic_qos_results/campaigns/campaign_20260509_baselines_5slices
e1_static,baseline,,,,run_03,C,OK,85.0,,1098.6640138666667,650.2287386666666,39999904.0,28686562.0,11313339,0.28283416087284013,0,0,0,0,0,,,,,,,clean,/home/ubuntu/agentic_qos_results/campaigns/campaign_20260509_baselines_5slices
e1_static,baseline,,,,run_03,D,OK,84.0,,627.8073029333333,518.0934053333333,22857062.0,22857062.0,0,0.0,0,0,0,0,0,,,,,,,clean,/home/ubuntu/agentic_qos_results/campaigns/campaign_20260509_baselines_5slices
e1_static,baseline,,,,run_04,A,OK,84.0,,627.8073144,518.0934053333333,22857063.0,22857062.0,0,0.0,0,0,0,0,0,,,,,,,clean,/home/ubuntu/agentic_qos_results/campaigns/campaign_20260509_baselines_5slices
e1_static,baseline,,,,run_04,B,OK,85.0,,941.7117509333333,562.1450066666666,34285622.0,24800515.0,9485106,0.27664966964869414,0,0,0,0,0,,,,,,,clean,/home/ubuntu/agentic_qos_results/campaigns/campaign_20260509_baselines_5slices
e1_static,baseline,,,,run_04,C,OK,85.0,,1098.6639864,650.2299173333333,39999903.0,28686614.0,11313286,0.2828328429404652,0,0,0,0,0,,,,,,,clean,/home/ubuntu/agentic_qos_results/campaigns/campaign_20260509_baselines_5slices
e1_static,baseline,,,,run_04,D,OK,84.0,,627.8073029333333,518.0934053333333,22857062.0,22857062.0,0,0.0,0,0,0,0,0,,,,,,,clean,/home/ubuntu/agentic_qos_results/campaigns/campaign_20260509_baselines_5slices
e1_static,baseline,,,,run_05,A,OK,84.0,,627.8073029333333,518.0934053333333,22857062.0,22857062.0,0,0.0,0,0,0,0,0,,,,,,,clean,/home/ubuntu/agentic_qos_results/campaigns/campaign_20260509_baselines_5slices
e1_static,baseline,,,,run_05,B,OK,85.0,,941.7117509333333,562.140088,34285622.0,24800298.0,9485323,0.27665599883239683,0,0,0,0,0,,,,,,,clean,/home/ubuntu/agentic_qos_results/campaigns/campaign_20260509_baselines_5slices
e1_static,baseline,,,,run_05,C,WARN,85.0,,1098.6510221333335,650.1835866666667,39999431.0,28684570.0,11314858,0.2828754809756039,0,0,0,472,0,,,,,,,"tiny NIC drops n3_rx=472, n6_tx=0, rate=0.000007",/home/ubuntu/agentic_qos_results/campaigns/campaign_20260509_baselines_5slices
e1_static,baseline,,,,run_05,D,OK,84.0,,627.8073029333333,518.0934053333333,22857062.0,22857062.0,0,0.0,0,0,0,0,0,,,,,,,clean,/home/ubuntu/agentic_qos_results/campaigns/campaign_20260509_baselines_5slices
e1_static,baseline,,,,run_06,A,OK,84.0,,627.8073029333333,518.0934053333333,22857062.0,22857062.0,0,0.0,0,0,0,0,0,,,,,,,clean,/home/ubuntu/agentic_qos_results/campaigns/campaign_20260509_baselines_5slices
e1_static,baseline,,,,run_06,B,OK,84.0,,941.7117624,562.1325173333333,34285623.0,24799964.0,9485657,0.2766657405252849,0,0,0,0,0,,,,,,,clean,/home/ubuntu/agentic_qos_results/campaigns/campaign_20260509_baselines_5slices
e1_static,baseline,,,,run_06,C,WARN,84.0,,1098.6543341333334,650.23266,39999551.0,28686735.0,11312814,0.2828235246940647,0,0,0,352,0,,,,,,,"tiny NIC drops n3_rx=352, n6_tx=0, rate=0.000005",/home/ubuntu/agentic_qos_results/campaigns/campaign_20260509_baselines_5slices
e1_static,baseline,,,,run_06,D,OK,83.0,,627.8073418666667,518.093428,22857064.0,22857063.0,0,0.0,0,0,0,0,0,,,,,,,clean,/home/ubuntu/agentic_qos_results/campaigns/campaign_20260509_baselines_5slices
e1_static,baseline,,,,run_07,A,OK,84.0,,627.8073304,518.093428,22857063.0,22857063.0,0,0.0,0,0,0,0,0,,,,,,,clean,/home/ubuntu/agentic_qos_results/campaigns/campaign_20260509_baselines_5slices
e1_static,baseline,,,,run_07,B,OK,84.0,,941.7117898666667,562.157428,34285624.0,24801063.0,9484559,0.2766337073705792,0,0,0,0,0,,,,,,,clean,/home/ubuntu/agentic_qos_results/campaigns/campaign_20260509_baselines_5slices
e1_static,baseline,,,,run_07,C,WARN,84.0,,1098.6515874666668,650.203896,39999451.0,28685466.0,11313983,0.2828534571636996,0,0,0,452,0,,,,,,,"tiny NIC drops n3_rx=452, n6_tx=0, rate=0.000007",/home/ubuntu/agentic_qos_results/campaigns/campaign_20260509_baselines_5slices
e1_static,baseline,,,,run_07,D,OK,84.0,,627.8073418666667,518.093428,22857064.0,22857063.0,0,0.0,0,0,0,0,0,,,,,,,clean,/home/ubuntu/agentic_qos_results/campaigns/campaign_20260509_baselines_5slices
e1_static,baseline,,,,run_08,A,OK,84.0,,627.8073304,518.093428,22857063.0,22857063.0,0,0.0,0,0,0,0,0,,,,,,,clean,/home/ubuntu/agentic_qos_results/campaigns/campaign_20260509_baselines_5slices
e1_static,baseline,,,,run_08,B,OK,84.0,,941.7117898666667,562.1471826666666,34285624.0,24800611.0,9485011,0.2766468907390133,0,0,0,0,0,,,,,,,clean,/home/ubuntu/agentic_qos_results/campaigns/campaign_20260509_baselines_5slices
e1_static,baseline,,,,run_08,C,WARN,84.0,,1098.6144525333334,650.2016293333334,39998099.0,28685366.0,11312731,0.28283171657733036,0,0,0,1804,0,,,,,,,"tiny NIC drops n3_rx=1804, n6_tx=0, rate=0.000026",/home/ubuntu/agentic_qos_results/campaigns/campaign_20260509_baselines_5slices
e1_static,baseline,,,,run_08,D,OK,84.0,,627.8073418666667,518.093428,22857064.0,22857063.0,0,0.0,0,0,0,0,0,,,,,,,clean,/home/ubuntu/agentic_qos_results/campaigns/campaign_20260509_baselines_5slices
e1_static,baseline,,,,run_09,A,OK,86.0,,627.8073418666667,518.093428,22857064.0,22857063.0,0,0.0,0,0,0,0,0,,,,,,,clean,/home/ubuntu/agentic_qos_results/campaigns/campaign_20260509_baselines_5slices
e1_static,baseline,,,,run_09,B,OK,85.0,,941.7117784,562.1278933333334,34285623.0,24799760.0,9485862,0.27667171163843224,0,0,0,0,0,,,,,,,clean,/home/ubuntu/agentic_qos_results/campaigns/campaign_20260509_baselines_5slices
e1_static,baseline,,,,run_09,C,OK,85.0,,1098.6640024,650.188936,39999903.0,28684806.0,11315095,0.28287806097929785,0,0,0,0,0,,,,,,,clean,/home/ubuntu/agentic_qos_results/campaigns/campaign_20260509_baselines_5slices
e1_static,baseline,,,,run_09,D,OK,86.0,,627.8073418666667,518.093428,22857064.0,22857063.0,0,0.0,0,0,0,0,0,,,,,,,clean,/home/ubuntu/agentic_qos_results/campaigns/campaign_20260509_baselines_5slices
e1_static,baseline,,,,run_10,A,OK,85.0,,627.8073418666667,518.093428,22857064.0,22857063.0,0,0.0,0,0,0,0,0,,,,,,,clean,/home/ubuntu/agentic_qos_results/campaigns/campaign_20260509_baselines_5slices
e1_static,baseline,,,,run_10,B,WARN,84.0,,941.7083725333333,562.1285053333334,34285499.0,24799787.0,9485711,0.2766683080797511,0,0,0,124,0,,,,,,,"tiny NIC drops n3_rx=124, n6_tx=0, rate=0.000002",/home/ubuntu/agentic_qos_results/campaigns/campaign_20260509_baselines_5slices
e1_static,baseline,,,,run_10,C,WARN,84.0,,1098.6637941333333,650.210968,39999896.0,28685778.0,11314115,0.2828536174907459,0,0,0,8,0,,,,,,,"tiny NIC drops n3_rx=8, n6_tx=0, rate=0.000000",/home/ubuntu/agentic_qos_results/campaigns/campaign_20260509_baselines_5slices
e1_static,baseline,,,,run_10,D,OK,84.0,,627.8073304,518.093428,22857063.0,22857063.0,0,0.0,0,0,0,0,0,,,,,,,clean,/home/ubuntu/agentic_qos_results/campaigns/campaign_20260509_baselines_5slices
e2_threshold,baseline,,,,run_01,A,OK,84.0,,627.8073418666667,518.093428,22857064.0,22857063.0,0,0.0,0,0,0,0,0,,,,,,,clean,/home/ubuntu/agentic_qos_results/campaigns/campaign_20260509_baselines_5slices
e2_threshold,baseline,,,,run_01,B,OK,84.0,,941.7117784,507.7314293333333,34285623.0,22399916.0,9485788,0.27666955329935233,0,0,0,0,0,,,,,,,clean,/home/ubuntu/agentic_qos_results/campaigns/campaign_20260509_baselines_5slices
e2_threshold,baseline,,,,run_01,C,OK,84.0,,1098.6640138666667,574.5590413333334,39999904.0,25348193.0,11314624,0.2828662859507434,0,0,0,0,0,,,,,,,clean,/home/ubuntu/agentic_qos_results/campaigns/campaign_20260509_baselines_5slices
e2_threshold,baseline,,,,run_01,D,OK,84.0,,627.8073853333334,518.0934733333333,22857065.0,22857065.0,0,0.0,0,0,0,0,0,,,,,,,clean,/home/ubuntu/agentic_qos_results/campaigns/campaign_20260509_baselines_5slices
e2_threshold,baseline,,,,run_02,A,OK,84.0,,627.8073853333334,518.0934733333333,22857065.0,22857065.0,0,0.0,0,0,0,0,0,,,,,,,clean,/home/ubuntu/agentic_qos_results/campaigns/campaign_20260509_baselines_5slices
e2_threshold,baseline,,,,run_02,B,OK,85.0,,941.7118173333333,507.7439866666667,34285625.0,22400470.0,9484734,0.2766388034821825,0,0,0,0,0,,,,,,,clean,/home/ubuntu/agentic_qos_results/campaigns/campaign_20260509_baselines_5slices
e2_threshold,baseline,,,,run_02,C,OK,84.0,,1098.6640024,574.59592,39999903.0,25349820.0,11313125,0.28282881085986633,0,0,0,0,0,,,,,,,clean,/home/ubuntu/agentic_qos_results/campaigns/campaign_20260509_baselines_5slices
e2_threshold,baseline,,,,run_02,D,OK,84.0,,627.8073853333334,518.0934733333333,22857065.0,22857065.0,0,0.0,0,0,0,0,0,,,,,,,clean,/home/ubuntu/agentic_qos_results/campaigns/campaign_20260509_baselines_5slices
e2_threshold,baseline,,,,run_03,A,OK,84.0,,627.8073853333334,518.0934733333333,22857065.0,22857065.0,0,0.0,0,0,0,0,0,,,,,,,clean,/home/ubuntu/agentic_qos_results/campaigns/campaign_20260509_baselines_5slices
e2_threshold,baseline,,,,run_03,B,OK,84.0,,941.7118173333333,507.7305226666667,34285625.0,22399876.0,9485884,0.27667234523717577,0,0,0,0,0,,,,,,,clean,/home/ubuntu/agentic_qos_results/campaigns/campaign_20260509_baselines_5slices
e2_threshold,baseline,,,,run_03,C,WARN,85.0,,1098.6515874666668,574.5682213333333,39999451.0,25348598.0,11313882,0.2828509321290435,0,0,0,452,0,,,,,,,"tiny NIC drops n3_rx=452, n6_tx=0, rate=0.000007",/home/ubuntu/agentic_qos_results/campaigns/campaign_20260509_baselines_5slices
e2_threshold,baseline,,,,run_03,D,OK,84.0,,627.8073968,518.0934733333333,22857066.0,22857065.0,0,0.0,0,0,0,0,0,,,,,,,clean,/home/ubuntu/agentic_qos_results/campaigns/campaign_20260509_baselines_5slices
e2_threshold,baseline,,,,run_04,A,OK,85.0,,627.8073853333334,518.0934733333333,22857065.0,22857065.0,0,0.0,0,0,0,0,0,,,,,,,clean,/home/ubuntu/agentic_qos_results/campaigns/campaign_20260509_baselines_5slices
e2_threshold,baseline,,,,run_04,B,WARN,85.0,,941.6936618666667,507.7232466666667,34284964.0,22399555.0,9485574,0.27666863750151927,0,0,0,661,0,,,,,,,"tiny NIC drops n3_rx=661, n6_tx=0, rate=0.000012",/home/ubuntu/agentic_qos_results/campaigns/campaign_20260509_baselines_5slices
e2_threshold,baseline,,,,run_04,C,OK,84.0,,1098.6640024,574.6033773333334,39999903.0,25350149.0,11312842,0.2828217358427094,0,0,0,0,0,,,,,,,clean,/home/ubuntu/agentic_qos_results/campaigns/campaign_20260509_baselines_5slices
e2_threshold,baseline,,,,run_04,D,OK,84.0,,627.8073968,518.0934733333333,22857066.0,22857065.0,0,0.0,0,0,0,0,0,,,,,,,clean,/home/ubuntu/agentic_qos_results/campaigns/campaign_20260509_baselines_5slices
e2_threshold,baseline,,,,run_05,A,OK,84.0,,627.8073853333334,518.0934733333333,22857065.0,22857065.0,0,0.0,0,0,0,0,0,,,,,,,clean,/home/ubuntu/agentic_qos_results/campaigns/campaign_20260509_baselines_5slices
e2_threshold,baseline,,,,run_05,B,OK,84.0,,941.7118173333333,507.7323813333333,34285625.0,22399958.0,9485739,0.2766681160593723,0,0,0,0,0,,,,,,,clean,/home/ubuntu/agentic_qos_results/campaigns/campaign_20260509_baselines_5slices
e2_threshold,baseline,,,,run_05,C,OK,85.0,,1098.6640024,574.5563666666666,39999903.0,25348075.0,11314733,0.28286901095735156,0,0,0,0,0,,,,,,,clean,/home/ubuntu/agentic_qos_results/campaigns/campaign_20260509_baselines_5slices
e2_threshold,baseline,,,,run_05,D,OK,84.0,,627.8073968,518.0934733333333,22857066.0,22857065.0,0,0.0,0,0,0,0,0,,,,,,,clean,/home/ubuntu/agentic_qos_results/campaigns/campaign_20260509_baselines_5slices
e2_threshold,baseline,,,,run_06,A,OK,84.0,,627.8073968,518.0934733333333,22857066.0,22857065.0,0,0.0,0,0,0,0,0,,,,,,,clean,/home/ubuntu/agentic_qos_results/campaigns/campaign_20260509_baselines_5slices
e2_threshold,baseline,,,,run_06,B,WARN,85.0,,941.7051864,507.7255813333333,34285383.0,22399658.0,9485884,0.2766742900319941,0,0,0,241,0,,,,,,,"tiny NIC drops n3_rx=241, n6_tx=0, rate=0.000004",/home/ubuntu/agentic_qos_results/campaigns/campaign_20260509_baselines_5slices
e2_threshold,baseline,,,,run_06,C,OK,84.0,,1098.6640024,574.57178,39999903.0,25348755.0,11314078,0.2828526359176421,0,0,0,0,0,,,,,,,clean,/home/ubuntu/agentic_qos_results/campaigns/campaign_20260509_baselines_5slices
e2_threshold,baseline,,,,run_06,D,OK,84.0,,627.8073968,518.0934733333333,22857066.0,22857065.0,0,0.0,0,0,0,0,0,,,,,,,clean,/home/ubuntu/agentic_qos_results/campaigns/campaign_20260509_baselines_5slices
e2_threshold,baseline,,,,run_07,A,OK,86.0,,627.8073853333334,518.0934733333333,22857065.0,22857065.0,0,0.0,0,0,0,0,0,,,,,,,clean,/home/ubuntu/agentic_qos_results/campaigns/campaign_20260509_baselines_5slices
e2_threshold,baseline,,,,run_07,B,OK,87.0,,941.7118173333333,507.741516,34285625.0,22400361.0,9484984,0.2766460951680506,0,0,0,0,0,,,,,,,clean,/home/ubuntu/agentic_qos_results/campaigns/campaign_20260509_baselines_5slices
e2_threshold,baseline,,,,run_07,C,OK,85.0,,1098.6640024,574.6035586666666,39999903.0,25350157.0,11312731,0.28281896083598,0,0,0,0,0,,,,,,,clean,/home/ubuntu/agentic_qos_results/campaigns/campaign_20260509_baselines_5slices
e2_threshold,baseline,,,,run_07,D,OK,86.0,,627.8073968,518.0934733333333,22857066.0,22857065.0,0,0.0,0,0,0,0,0,,,,,,,clean,/home/ubuntu/agentic_qos_results/campaigns/campaign_20260509_baselines_5slices
e2_threshold,baseline,,,,run_08,A,OK,86.0,,627.8073968,518.0934733333333,22857066.0,22857065.0,0,0.0,0,0,0,0,0,,,,,,,clean,/home/ubuntu/agentic_qos_results/campaigns/campaign_20260509_baselines_5slices
e2_threshold,baseline,,,,run_08,B,OK,84.0,,941.7118058666666,507.74108533333333,34285624.0,22400342.0,9485330,0.27665618686129206,0,0,0,0,0,,,,,,,clean,/home/ubuntu/agentic_qos_results/campaigns/campaign_20260509_baselines_5slices
e2_threshold,baseline,,,,run_08,C,WARN,84.0,,1098.6535490666665,574.6309853333333,39999523.0,25351367.0,11311182,0.2827829292560046,0,0,0,381,0,,,,,,,"tiny NIC drops n3_rx=381, n6_tx=0, rate=0.000006",/home/ubuntu/agentic_qos_results/campaigns/campaign_20260509_baselines_5slices
e2_threshold,baseline,,,,run_08,D,OK,85.0,,627.8073853333334,518.0934733333333,22857065.0,22857065.0,0,0.0,0,0,0,0,0,,,,,,,clean,/home/ubuntu/agentic_qos_results/campaigns/campaign_20260509_baselines_5slices
e2_threshold,baseline,,,,run_09,A,OK,84.0,,627.8073968,518.0934733333333,22857066.0,22857065.0,0,0.0,0,0,0,0,0,,,,,,,clean,/home/ubuntu/agentic_qos_results/campaigns/campaign_20260509_baselines_5slices
e2_threshold,baseline,,,,run_09,B,WARN,85.0,,941.7050490666667,507.728732,34285378.0,22399797.0,9485680,0.2766683803223637,0,0,0,246,0,,,,,,,"tiny NIC drops n3_rx=246, n6_tx=0, rate=0.000004",/home/ubuntu/agentic_qos_results/campaigns/campaign_20260509_baselines_5slices
e2_threshold,baseline,,,,run_09,C,OK,84.0,,1098.6640138666667,574.5481386666667,39999904.0,25347712.0,11315099,0.2828781609795404,0,0,0,0,0,,,,,,,clean,/home/ubuntu/agentic_qos_results/campaigns/campaign_20260509_baselines_5slices
e2_threshold,baseline,,,,run_09,D,OK,84.0,,627.8073853333334,518.0934733333333,22857065.0,22857065.0,0,0.0,0,0,0,0,0,,,,,,,clean,/home/ubuntu/agentic_qos_results/campaigns/campaign_20260509_baselines_5slices
e2_threshold,baseline,,,,run_10,A,OK,84.0,,627.8073968,518.0934733333333,22857066.0,22857065.0,0,0.0,0,0,0,0,0,,,,,,,clean,/home/ubuntu/agentic_qos_results/campaigns/campaign_20260509_baselines_5slices
e2_threshold,baseline,,,,run_10,B,WARN,84.0,,941.6998578666667,507.7288226666667,34285189.0,22399801.0,9485353,0.2766603678340522,0,0,0,435,0,,,,,,,"tiny NIC drops n3_rx=435, n6_tx=0, rate=0.000008",/home/ubuntu/agentic_qos_results/campaigns/campaign_20260509_baselines_5slices
e2_threshold,baseline,,,,run_10,C,OK,85.0,,1098.6640138666667,574.6014053333333,39999904.0,25350062.0,11312892,0.28282298584574067,0,0,0,0,0,,,,,,,clean,/home/ubuntu/agentic_qos_results/campaigns/campaign_20260509_baselines_5slices
e2_threshold,baseline,,,,run_10,D,OK,84.0,,627.8073853333334,518.0934733333333,22857065.0,22857065.0,0,0.0,0,0,0,0,0,,,,,,,clean,/home/ubuntu/agentic_qos_results/campaigns/campaign_20260509_baselines_5slices
e3_greedy,baseline,,,,run_01,A,OK,84.0,,627.8073853333334,518.0934733333333,22857065.0,22857065.0,0,0.0,0,0,0,0,0,,,,,,,clean,/home/ubuntu/agentic_qos_results/campaigns/campaign_20260509_baselines_5slices
e3_greedy,baseline,,,,run_01,B,OK,84.0,,941.7118173333333,562.139884,34285625.0,24800289.0,9485335,0.27665633269500944,0,0,0,0,0,,,,,,,clean,/home/ubuntu/agentic_qos_results/campaigns/campaign_20260509_baselines_5slices
e3_greedy,baseline,,,,run_01,C,WARN,85.0,,1098.6494725333332,650.2067973333334,39999374.0,28685594.0,11313780,0.28284892658570104,0,0,0,529,0,,,,,,,"tiny NIC drops n3_rx=529, n6_tx=0, rate=0.000008",/home/ubuntu/agentic_qos_results/campaigns/campaign_20260509_baselines_5slices
e3_greedy,baseline,,,,run_01,D,OK,84.0,,627.8073968,518.0934733333333,22857066.0,22857065.0,0,0.0,0,0,0,0,0,,,,,,,clean,/home/ubuntu/agentic_qos_results/campaigns/campaign_20260509_baselines_5slices
e3_greedy,baseline,,,,run_02,A,OK,84.0,,627.8073853333334,518.0934733333333,22857065.0,22857065.0,0,0.0,0,0,0,0,0,,,,,,,clean,/home/ubuntu/agentic_qos_results/campaigns/campaign_20260509_baselines_5slices
e3_greedy,baseline,,,,run_02,B,OK,84.0,,941.7118173333333,562.1482026666666,34285625.0,24800656.0,9484968,0.27664562850015506,0,0,0,0,0,,,,,,,clean,/home/ubuntu/agentic_qos_results/campaigns/campaign_20260509_baselines_5slices
e3_greedy,baseline,,,,run_02,C,WARN,86.0,,1098.6608712,650.193356,39999789.0,28685001.0,11314788,0.2828711921455386,0,0,0,114,0,,,,,,,"tiny NIC drops n3_rx=114, n6_tx=0, rate=0.000002",/home/ubuntu/agentic_qos_results/campaigns/campaign_20260509_baselines_5slices
e3_greedy,baseline,,,,run_02,D,OK,86.0,,627.8072869333333,518.0933826666667,22857062.0,22857061.0,0,0.0,0,0,0,0,0,,,,,,,clean,/home/ubuntu/agentic_qos_results/campaigns/campaign_20260509_baselines_5slices
e3_greedy,baseline,,,,run_03,A,OK,84.0,,627.8072869333333,518.0933826666667,22857062.0,22857061.0,0,0.0,0,0,0,0,0,,,,,,,clean,/home/ubuntu/agentic_qos_results/campaigns/campaign_20260509_baselines_5slices
e3_greedy,baseline,,,,run_03,B,OK,84.0,,941.711696,562.1304773333334,34285620.0,24799874.0,9485746,0.27666835250463606,0,0,0,0,0,,,,,,,clean,/home/ubuntu/agentic_qos_results/campaigns/campaign_20260509_baselines_5slices
e3_greedy,baseline,,,,run_03,C,OK,84.0,,1098.6640024,650.2194453333334,39999903.0,28686152.0,11313751,0.2828444608978177,0,0,0,0,0,,,,,,,clean,/home/ubuntu/agentic_qos_results/campaigns/campaign_20260509_baselines_5slices
e3_greedy,baseline,,,,run_03,D,OK,85.0,,627.8072869333333,518.0933826666667,22857062.0,22857061.0,0,0.0,0,0,0,0,0,,,,,,,clean,/home/ubuntu/agentic_qos_results/campaigns/campaign_20260509_baselines_5slices
e3_greedy,baseline,,,,run_04,A,OK,85.0,,627.8072869333333,518.0933826666667,22857062.0,22857061.0,0,0.0,0,0,0,0,0,,,,,,,clean,/home/ubuntu/agentic_qos_results/campaigns/campaign_20260509_baselines_5slices
e3_greedy,baseline,,,,run_04,B,OK,86.0,,941.711696,562.1385013333334,34285620.0,24800228.0,9485392,0.27665802747624224,0,0,0,0,0,,,,,,,clean,/home/ubuntu/agentic_qos_results/campaigns/campaign_20260509_baselines_5slices
e3_greedy,baseline,,,,run_04,C,OK,87.0,,1098.6640138666667,650.2264493333333,39999904.0,28686461.0,11313442,0.28283673587908453,0,0,0,0,0,,,,,,,clean,/home/ubuntu/agentic_qos_results/campaigns/campaign_20260509_baselines_5slices
e3_greedy,baseline,,,,run_04,D,OK,85.0,,627.8072754666667,518.0933826666667,22857061.0,22857061.0,0,0.0,0,0,0,0,0,,,,,,,clean,/home/ubuntu/agentic_qos_results/campaigns/campaign_20260509_baselines_5slices
e3_greedy,baseline,,,,run_05,A,OK,84.0,,627.8072869333333,518.0933826666667,22857062.0,22857061.0,0,0.0,0,0,0,0,0,,,,,,,clean,/home/ubuntu/agentic_qos_results/campaigns/campaign_20260509_baselines_5slices
e3_greedy,baseline,,,,run_05,B,OK,84.0,,941.711696,562.141992,34285620.0,24800382.0,9485238,0.27665353579722346,0,0,0,0,0,,,,,,,clean,/home/ubuntu/agentic_qos_results/campaigns/campaign_20260509_baselines_5slices
e3_greedy,baseline,,,,run_05,C,OK,84.0,,1098.6640138666667,650.19798,39999904.0,28685205.0,11314698,0.2828681359552297,0,0,0,0,0,,,,,,,clean,/home/ubuntu/agentic_qos_results/campaigns/campaign_20260509_baselines_5slices
e3_greedy,baseline,,,,run_05,D,OK,85.0,,627.8072754666667,518.0933826666667,22857061.0,22857061.0,0,0.0,0,0,0,0,0,,,,,,,clean,/home/ubuntu/agentic_qos_results/campaigns/campaign_20260509_baselines_5slices
e3_greedy,baseline,,,,run_06,A,OK,87.0,,627.8072869333333,518.0933826666667,22857062.0,22857061.0,0,0.0,0,0,0,0,0,,,,,,,clean,/home/ubuntu/agentic_qos_results/campaigns/campaign_20260509_baselines_5slices
e3_greedy,baseline,,,,run_06,B,WARN,85.0,,941.7081802666667,562.1507413333334,34285492.0,24800768.0,9484724,0.27663957687992347,0,0,0,128,0,,,,,,,"tiny NIC drops n3_rx=128, n6_tx=0, rate=0.000002",/home/ubuntu/agentic_qos_results/campaigns/campaign_20260509_baselines_5slices
e3_greedy,baseline,,,,run_06,C,OK,84.0,,1098.6640138666667,650.264144,39999904.0,28688124.0,11311779,0.2827951607782649,0,0,0,0,0,,,,,,,clean,/home/ubuntu/agentic_qos_results/campaigns/campaign_20260509_baselines_5slices
e3_greedy,baseline,,,,run_06,D,OK,84.0,,627.8072754666667,518.0933826666667,22857061.0,22857061.0,0,0.0,0,0,0,0,0,,,,,,,clean,/home/ubuntu/agentic_qos_results/campaigns/campaign_20260509_baselines_5slices
e3_greedy,baseline,,,,run_07,A,OK,85.0,,627.8072754666667,518.0933826666667,22857061.0,22857061.0,0,0.0,0,0,0,0,0,,,,,,,clean,/home/ubuntu/agentic_qos_results/campaigns/campaign_20260509_baselines_5slices
e3_greedy,baseline,,,,run_07,B,WARN,86.0,,941.6949962666666,562.1290946666667,34285012.0,24799813.0,9485199,0.2766573043637844,0,0,0,608,0,,,,,,,"tiny NIC drops n3_rx=608, n6_tx=0, rate=0.000010",/home/ubuntu/agentic_qos_results/campaigns/campaign_20260509_baselines_5slices
e3_greedy,baseline,,,,run_07,C,OK,86.0,,1098.6640138666667,650.2298946666666,39999904.0,28686613.0,11313290,0.28283293586986946,0,0,0,0,0,,,,,,,clean,/home/ubuntu/agentic_qos_results/campaigns/campaign_20260509_baselines_5slices
e3_greedy,baseline,,,,run_07,D,OK,84.0,,627.8072754666667,518.0933826666667,22857061.0,22857061.0,0,0.0,0,0,0,0,0,,,,,,,clean,/home/ubuntu/agentic_qos_results/campaigns/campaign_20260509_baselines_5slices
e3_greedy,baseline,,,,run_08,A,OK,86.0,,627.8072754666667,518.0933826666667,22857061.0,22857061.0,0,0.0,0,0,0,0,0,,,,,,,clean,/home/ubuntu/agentic_qos_results/campaigns/campaign_20260509_baselines_5slices
e3_greedy,baseline,,,,run_08,B,OK,84.0,,941.711696,562.149948,34285620.0,24800733.0,9484887,0.27664329826907025,0,0,0,0,0,,,,,,,clean,/home/ubuntu/agentic_qos_results/campaigns/campaign_20260509_baselines_5slices
e3_greedy,baseline,,,,run_08,C,OK,84.0,,1098.6640138666667,650.2390066666667,39999904.0,28687015.0,11312888,0.2828228858454982,0,0,0,0,0,,,,,,,clean,/home/ubuntu/agentic_qos_results/campaigns/campaign_20260509_baselines_5slices
e3_greedy,baseline,,,,run_08,D,OK,85.0,,627.8072754666667,518.0933826666667,22857061.0,22857061.0,0,0.0,0,0,0,0,0,,,,,,,clean,/home/ubuntu/agentic_qos_results/campaigns/campaign_20260509_baselines_5slices
e3_greedy,baseline,,,,run_09,A,OK,84.0,,627.8072754666667,518.0933826666667,22857061.0,22857061.0,0,0.0,0,0,0,0,0,,,,,,,clean,/home/ubuntu/agentic_qos_results/campaigns/campaign_20260509_baselines_5slices
e3_greedy,baseline,,,,run_09,B,OK,84.0,,941.711696,562.1435106666667,34285620.0,24800449.0,9485171,0.27665158162518283,0,0,0,0,0,,,,,,,clean,/home/ubuntu/agentic_qos_results/campaigns/campaign_20260509_baselines_5slices
e3_greedy,baseline,,,,run_09,C,WARN,84.0,,1098.6434413333332,650.1921546666666,39999155.0,28684948.0,11314206,0.28286113251295264,0,0,0,749,0,,,,,,,"tiny NIC drops n3_rx=749, n6_tx=0, rate=0.000011",/home/ubuntu/agentic_qos_results/campaigns/campaign_20260509_baselines_5slices
e3_greedy,baseline,,,,run_09,D,OK,85.0,,627.8072754666667,518.0933826666667,22857061.0,22857061.0,0,0.0,0,0,0,0,0,,,,,,,clean,/home/ubuntu/agentic_qos_results/campaigns/campaign_20260509_baselines_5slices
e3_greedy,baseline,,,,run_10,A,OK,84.0,,627.8072754666667,518.0933826666667,22857061.0,22857061.0,0,0.0,0,0,0,0,0,,,,,,,clean,/home/ubuntu/agentic_qos_results/campaigns/campaign_20260509_baselines_5slices
e3_greedy,baseline,,,,run_10,B,OK,84.0,,941.7117074666667,562.138252,34285621.0,24800217.0,9485403,0.2766583483104579,0,0,0,0,0,,,,,,,clean,/home/ubuntu/agentic_qos_results/campaigns/campaign_20260509_baselines_5slices
e3_greedy,baseline,,,,run_10,C,WARN,84.0,,1098.6374146666667,650.185264,39998935.0,28684644.0,11314291,0.28286480627546706,0,0,0,968,0,,,,,,,"tiny NIC drops n3_rx=968, n6_tx=0, rate=0.000014",/home/ubuntu/agentic_qos_results/campaigns/campaign_20260509_baselines_5slices
e3_greedy,baseline,,,,run_10,D,OK,84.0,,627.8072869333333,518.0933826666667,22857062.0,22857061.0,0,0.0,0,0,0,0,0,,,,,,,clean,/home/ubuntu/agentic_qos_results/campaigns/campaign_20260509_baselines_5slices
e4_agentic_rtx6000_realtime,agentic,Qwen/Qwen2.5-7B-Instruct,RTX A4000,disabled,run_01,A,OK,60,6,627.8080834666666,518.09404,22857091,22857090,0,0.0,0,0,0,0,0,0,0,0,0,3751.724044481913,793,clean,/home/ubuntu/agentic_qos_results/campaigns/campaign_20260511_agentic_rtx6000_realtime_5slices
e4_agentic_rtx6000_realtime,agentic,Qwen/Qwen2.5-7B-Instruct,RTX A4000,disabled,run_01,B,WARN,60,6,941.7020552,531.470388,34285269,23447223,9477754,0.27643808291450117,0,0,0,375,0,6,0,0,4,4418.603142102559,927.1666666666666,tiny NIC drops 0.000006,/home/ubuntu/agentic_qos_results/campaigns/campaign_20260511_agentic_rtx6000_realtime_5slices
e4_agentic_rtx6000_realtime,agentic,Qwen/Qwen2.5-7B-Instruct,RTX A4000,disabled,run_01,C,WARN,60,6,1098.6610749333333,585.7240293333333,39999797,25840766,11293298,0.2823338893832764,0,0,0,122,0,6,0,0,4,4562.375903129578,938.1666666666666,tiny NIC drops 0.000002,/home/ubuntu/agentic_qos_results/campaigns/campaign_20260511_agentic_rtx6000_realtime_5slices
e4_agentic_rtx6000_realtime,agentic,Qwen/Qwen2.5-7B-Instruct,RTX A4000,disabled,run_01,D,WARN,60,6,627.8080949333333,518.09404,22857092,22857090,0,0.0,0,0,0,0,0,1,2,0,0,3931.1369260152183,812.8333333333334,fallback used,/home/ubuntu/agentic_qos_results/campaigns/campaign_20260511_agentic_rtx6000_realtime_5slices
e4_agentic_rtx6000_realtime,agentic,Qwen/Qwen2.5-7B-Instruct,RTX A4000,disabled,run_02,A,OK,60,6,627.8080834666666,518.09404,22857091,22857090,0,0.0,0,0,0,0,0,0,0,0,0,4090.058922767639,800.5,clean,/home/ubuntu/agentic_qos_results/campaigns/campaign_20260511_agentic_rtx6000_realtime_5slices
e4_agentic_rtx6000_realtime,agentic,Qwen/Qwen2.5-7B-Instruct,RTX A4000,disabled,run_02,B,WARN,60,6,941.7122568,531.4833306666667,34285641,23447794,9477556,0.27642931559634526,0,0,0,4,0,6,0,0,4,4374.285618464152,925.8333333333334,tiny NIC drops 0.000000,/home/ubuntu/agentic_qos_results/campaigns/campaign_20260511_agentic_rtx6000_realtime_5slices
e4_agentic_rtx6000_realtime,agentic,Qwen/Qwen2.5-7B-Instruct,RTX A4000,disabled,run_02,C,OK,60,6,1098.6644258666668,585.7320533333334,39999919,25841120,11292998,0.28232552876733397,0,0,0,0,0,6,0,0,4,4580.764532089233,938.3333333333334,clean,/home/ubuntu/agentic_qos_results/campaigns/campaign_20260511_agentic_rtx6000_realtime_5slices
e4_agentic_rtx6000_realtime,agentic,Qwen/Qwen2.5-7B-Instruct,RTX A4000,disabled,run_02,D,WARN,60,6,627.8080834666666,518.09404,22857091,22857090,0,0.0,0,0,0,0,0,1,4,0,0,4005.2703221639,833.6666666666666,fallback used,/home/ubuntu/agentic_qos_results/campaigns/campaign_20260511_agentic_rtx6000_realtime_5slices
e4_agentic_rtx6000_realtime,agentic,Qwen/Qwen2.5-7B-Instruct,RTX A4000,disabled,run_03,A,WARN,60,6,627.8045402666667,518.0911159999999,22856962,22856961,0,0.0,0,0,0,129,0,0,0,0,0,3945.687691370646,798.1666666666666,tiny NIC drops 0.000003,/home/ubuntu/agentic_qos_results/campaigns/campaign_20260511_agentic_rtx6000_realtime_5slices
e4_agentic_rtx6000_realtime,agentic,Qwen/Qwen2.5-7B-Instruct,RTX A4000,disabled,run_03,B,OK,60,6,941.7123666666668,531.443324,34285645,23446029,9479798,0.2764946751474174,0,0,0,0,0,6,0,0,4,4504.746317863464,926.5,clean,/home/ubuntu/agentic_qos_results/campaigns/campaign_20260511_agentic_rtx6000_realtime_5slices
e4_agentic_rtx6000_realtime,agentic,Qwen/Qwen2.5-7B-Instruct,RTX A4000,disabled,run_03,C,OK,60,6,1098.6644258666668,585.8534786666667,39999919,25846477,11287813,0.2821959035016022,0,0,0,0,0,6,0,0,4,4562.89001305898,938.1666666666666,clean,/home/ubuntu/agentic_qos_results/campaigns/campaign_20260511_agentic_rtx6000_realtime_5slices
e4_agentic_rtx6000_realtime,agentic,Qwen/Qwen2.5-7B-Instruct,RTX A4000,disabled,run_03,D,WARN,60,6,627.8076325333333,518.0936773333333,22857074,22857074,0,0.0,0,0,0,0,0,0,6,0,0,3955.889582633972,838.3333333333334,fallback used,/home/ubuntu/agentic_qos_results/campaigns/campaign_20260511_agentic_rtx6000_realtime_5slices
e4_agentic_rtx6000_realtime,agentic,Qwen/Qwen2.5-7B-Instruct,RTX A4000,disabled,run_04,A,OK,60,6,627.8074242666667,518.093496,22857067,22857066,0,0.0,0,0,0,0,0,0,0,0,0,3743.9564863840737,795,clean,/home/ubuntu/agentic_qos_results/campaigns/campaign_20260511_agentic_rtx6000_realtime_5slices
e4_agentic_rtx6000_realtime,agentic,Qwen/Qwen2.5-7B-Instruct,RTX A4000,disabled,run_04,B,WARN,60,6,941.5877664,531.4001666666667,34281108,23444125,9477454,0.27646287744298303,0,0,0,4512,0,6,0,0,4,4460.445880889893,926.6666666666666,tiny NIC drops 0.000078,/home/ubuntu/agentic_qos_results/campaigns/campaign_20260511_agentic_rtx6000_realtime_5slices
e4_agentic_rtx6000_realtime,agentic,Qwen/Qwen2.5-7B-Instruct,RTX A4000,disabled,run_04,C,OK,60,6,1098.6644258666668,585.6748426666667,39999919,25838596,11295470,0.28238732889402424,0,0,0,0,0,6,0,0,4,4665.960431098938,940.1666666666666,clean,/home/ubuntu/agentic_qos_results/campaigns/campaign_20260511_agentic_rtx6000_realtime_5slices
e4_agentic_rtx6000_realtime,agentic,Qwen/Qwen2.5-7B-Instruct,RTX A4000,disabled,run_04,D,WARN,60,6,627.8074242666667,518.093496,22857067,22857066,0,0.0,0,0,0,0,0,1,3,0,0,3950.3461122512817,827.1666666666666,fallback used,/home/ubuntu/agentic_qos_results/campaigns/campaign_20260511_agentic_rtx6000_realtime_5slices
e4_agentic_rtx6000_realtime,agentic,Qwen/Qwen2.5-7B-Instruct,RTX A4000,disabled,run_05,A,WARN,60,6,627.7792549333333,518.07024,22856042,22856040,0,0.0,0,0,0,1026,0,0,0,0,0,3763.7802362442017,796.1666666666666,tiny NIC drops 0.000022,/home/ubuntu/agentic_qos_results/campaigns/campaign_20260511_agentic_rtx6000_realtime_5slices
e4_agentic_rtx6000_realtime,agentic,Qwen/Qwen2.5-7B-Instruct,RTX A4000,disabled,run_05,B,OK,60,6,941.7117074666667,531.4976106666667,34285621,23448424,9476503,0.27639876426326837,0,0,0,0,0,6,0,0,4,4453.663150469462,924.8333333333334,clean,/home/ubuntu/agentic_qos_results/campaigns/campaign_20260511_agentic_rtx6000_realtime_5slices
e4_agentic_rtx6000_realtime,agentic,Qwen/Qwen2.5-7B-Instruct,RTX A4000,disabled,run_05,C,OK,60,6,1098.6644258666668,585.6639173333333,39999919,25838114,11295974,0.28239992891985427,0,0,0,0,0,6,0,0,4,4598.488171895345,939,clean,/home/ubuntu/agentic_qos_results/campaigns/campaign_20260511_agentic_rtx6000_realtime_5slices
e4_agentic_rtx6000_realtime,agentic,Qwen/Qwen2.5-7B-Instruct,RTX A4000,disabled,run_05,D,WARN,60,6,627.8074242666667,518.093496,22857067,22857066,0,0.0,0,0,0,0,0,0,6,0,0,3959.0371449788413,840,fallback used,/home/ubuntu/agentic_qos_results/campaigns/campaign_20260511_agentic_rtx6000_realtime_5slices
e4_agentic_rtx6000_realtime,agentic,Qwen/Qwen2.5-7B-Instruct,RTX A4000,disabled,run_06,A,OK,60,6,627.8074242666667,518.093496,22857067,22857066,0,0.0,0,0,0,0,0,0,0,0,0,3770.5109119415283,795,clean,/home/ubuntu/agentic_qos_results/campaigns/campaign_20260511_agentic_rtx6000_realtime_5slices
e4_agentic_rtx6000_realtime,agentic,Qwen/Qwen2.5-7B-Instruct,RTX A4000,disabled,run_06,B,OK,60,6,941.7117074666667,531.4756013333333,34285621,23447453,9478087,0.27644496439031874,0,0,0,0,0,6,0,0,4,4425.013184547424,925,clean,/home/ubuntu/agentic_qos_results/campaigns/campaign_20260511_agentic_rtx6000_realtime_5slices
e4_agentic_rtx6000_realtime,agentic,Qwen/Qwen2.5-7B-Instruct,RTX A4000,disabled,run_06,C,OK,60,6,1098.6644258666668,585.572956,39999919,25834101,11300113,0.2825034041319785,0,0,0,0,0,6,0,0,4,4605.84835211436,939.6666666666666,clean,/home/ubuntu/agentic_qos_results/campaigns/campaign_20260511_agentic_rtx6000_realtime_5slices
e4_agentic_rtx6000_realtime,agentic,Qwen/Qwen2.5-7B-Instruct,RTX A4000,disabled,run_06,D,WARN,60,6,627.8074128,518.093496,22857066,22857066,0,0.0,0,0,0,0,0,0,6,0,0,3970.547159512838,839,fallback used,/home/ubuntu/agentic_qos_results/campaigns/campaign_20260511_agentic_rtx6000_realtime_5slices
e4_agentic_rtx6000_realtime,agentic,Qwen/Qwen2.5-7B-Instruct,RTX A4000,disabled,run_07,A,OK,60,6,627.8074242666667,518.093496,22857067,22857066,0,0.0,0,0,0,0,0,0,0,0,0,3775.0843365987143,795,clean,/home/ubuntu/agentic_qos_results/campaigns/campaign_20260511_agentic_rtx6000_realtime_5slices
e4_agentic_rtx6000_realtime,agentic,Qwen/Qwen2.5-7B-Instruct,RTX A4000,disabled,run_07,B,OK,60,6,941.7117074666667,531.4574,34285621,23446650,9479002,0.2764716519637096,0,0,0,0,0,6,0,0,4,4459.374666213989,925.5,clean,/home/ubuntu/agentic_qos_results/campaigns/campaign_20260511_agentic_rtx6000_realtime_5slices
e4_agentic_rtx6000_realtime,agentic,Qwen/Qwen2.5-7B-Instruct,RTX A4000,disabled,run_07,C,WARN,60,6,1098.6393053333334,585.6647786666666,39999005,25838152,11294979,0.28238150926109706,0,0,0,915,0,6,0,0,4,4609.713037808736,938.8333333333334,tiny NIC drops 0.000014,/home/ubuntu/agentic_qos_results/campaigns/campaign_20260511_agentic_rtx6000_realtime_5slices
e4_agentic_rtx6000_realtime,agentic,Qwen/Qwen2.5-7B-Instruct,RTX A4000,disabled,run_07,D,WARN,60,6,627.8074128,518.093496,22857066,22857066,0,0.0,0,0,0,0,0,0,6,0,0,3947.908123334249,839,fallback used,/home/ubuntu/agentic_qos_results/campaigns/campaign_20260511_agentic_rtx6000_realtime_5slices
e4_agentic_rtx6000_realtime,agentic,Qwen/Qwen2.5-7B-Instruct,RTX A4000,disabled,run_08,A,OK,60,6,627.8074128,518.093496,22857066,22857066,0,0.0,0,0,0,0,0,0,0,0,0,3734.9849939346313,794,clean,/home/ubuntu/agentic_qos_results/campaigns/campaign_20260511_agentic_rtx6000_realtime_5slices
e4_agentic_rtx6000_realtime,agentic,Qwen/Qwen2.5-7B-Instruct,RTX A4000,disabled,run_08,B,OK,60,6,941.7117074666667,531.46658,34285621,23447055,9479020,0.27647217696515336,0,0,0,0,0,6,0,0,4,4491.744915644328,925.5,clean,/home/ubuntu/agentic_qos_results/campaigns/campaign_20260511_agentic_rtx6000_realtime_5slices
e4_agentic_rtx6000_realtime,agentic,Qwen/Qwen2.5-7B-Instruct,RTX A4000,disabled,run_08,C,WARN,60,6,1098.6511045333334,585.698144,39999434,25839624,11294079,0.28235597977803195,0,0,0,485,0,6,0,0,4,4607.41659005483,938.3333333333334,tiny NIC drops 0.000007,/home/ubuntu/agentic_qos_results/campaigns/campaign_20260511_agentic_rtx6000_realtime_5slices
e4_agentic_rtx6000_realtime,agentic,Qwen/Qwen2.5-7B-Instruct,RTX A4000,disabled,run_08,D,WARN,60,6,627.8074242666667,518.093496,22857067,22857066,0,0.0,0,0,0,0,0,0,6,0,0,3866.141200065613,840,fallback used,/home/ubuntu/agentic_qos_results/campaigns/campaign_20260511_agentic_rtx6000_realtime_5slices
e4_agentic_rtx6000_realtime,agentic,Qwen/Qwen2.5-7B-Instruct,RTX A4000,disabled,run_09,A,OK,60,6,627.8074357333334,518.093496,22857068,22857066,0,0.0,0,0,0,0,0,0,0,0,0,3782.915989557902,796,clean,/home/ubuntu/agentic_qos_results/campaigns/campaign_20260511_agentic_rtx6000_realtime_5slices
e4_agentic_rtx6000_realtime,agentic,Qwen/Qwen2.5-7B-Instruct,RTX A4000,disabled,run_09,B,WARN,60,6,941.7048682666666,531.4505093333333,34285372,23446346,9479381,0.2764847145617304,0,0,0,249,0,6,0,0,4,4478.505492210388,925.5,tiny NIC drops 0.000004,/home/ubuntu/agentic_qos_results/campaigns/campaign_20260511_agentic_rtx6000_realtime_5slices
e4_agentic_rtx6000_realtime,agentic,Qwen/Qwen2.5-7B-Instruct,RTX A4000,disabled,run_09,C,OK,60,6,1098.6644258666668,585.6207826666666,39999919,25836211,11297867,0.28244725401687076,0,0,0,0,0,6,0,0,4,4707.023739814758,940.5,clean,/home/ubuntu/agentic_qos_results/campaigns/campaign_20260511_agentic_rtx6000_realtime_5slices
e4_agentic_rtx6000_realtime,agentic,Qwen/Qwen2.5-7B-Instruct,RTX A4000,disabled,run_09,D,WARN,60,6,627.8074357333334,518.093496,22857068,22857066,0,0.0,0,0,0,0,0,1,5,0,0,4045.9206899007163,842.8333333333334,fallback used,/home/ubuntu/agentic_qos_results/campaigns/campaign_20260511_agentic_rtx6000_realtime_5slices
e4_agentic_rtx6000_realtime,agentic,Qwen/Qwen2.5-7B-Instruct,RTX A4000,disabled,run_10,A,OK,60,6,627.8074128,518.093496,22857066,22857066,0,0.0,0,0,0,0,0,0,0,0,0,3803.8127422332764,794,clean,/home/ubuntu/agentic_qos_results/campaigns/campaign_20260511_agentic_rtx6000_realtime_5slices
e4_agentic_rtx6000_realtime,agentic,Qwen/Qwen2.5-7B-Instruct,RTX A4000,disabled,run_10,B,OK,60,6,941.7117189333333,531.515948,34285622,23449233,9476301,0.2763928725803996,0,0,0,0,0,6,0,0,4,4466.352065404256,924.8333333333334,clean,/home/ubuntu/agentic_qos_results/campaigns/campaign_20260511_agentic_rtx6000_realtime_5slices
e4_agentic_rtx6000_realtime,agentic,Qwen/Qwen2.5-7B-Instruct,RTX A4000,disabled,run_10,C,OK,60,6,1098.6644144000002,585.679376,39999918,25838796,11295443,0.2823866538926405,0,0,0,0,0,6,0,0,4,4609.540541966756,939.5,clean,/home/ubuntu/agentic_qos_results/campaigns/campaign_20260511_agentic_rtx6000_realtime_5slices
e4_agentic_rtx6000_realtime,agentic,Qwen/Qwen2.5-7B-Instruct,RTX A4000,disabled,run_10,D,WARN,60,6,627.8074128,518.093496,22857066,22857066,0,0.0,0,0,0,0,0,0,6,0,0,3950.8296648661294,839,fallback used,/home/ubuntu/agentic_qos_results/campaigns/campaign_20260511_agentic_rtx6000_realtime_5slices
